{
  "t1_us": 274.7739144951021,
  "t2_us": 143.61922661211827,
  "readout_error": 0.00994873046875,
  "oneq_epg": 0.00027837149194322777,
  "twoq_epg": 0.0018882945616481434
}